filename	path	status	matched_article_slug	width	height	reason	recommended_action
amazon-first-stop-for-backyard-robotics-image-001.jpg	public/images/insights/amazon-first-stop-for-backyard-robotics-image-001.jpg	keep	amazon-first-stop-for-backyard-robotics	1920	1080	unused body image matching an existing article slug; likely extra source image or backup	retain in public/images/insights until article-level review
american-factory-and-manufacturing-transfer-image-001.jpg	public/images/insights/american-factory-and-manufacturing-transfer-image-001.jpg	keep	american-factory-and-manufacturing-transfer	645	522	unused body image matching an existing article slug; likely extra source image or backup	retain in public/images/insights until article-level review
anker-cleaning-appliance-strategy-analysis-image-01.jpg	public/images/insights/anker-cleaning-appliance-strategy-analysis-image-01.jpg	keep	anker-cleaning-appliance-strategy-analysis	1600	900	unused body image matching an existing article slug; likely extra source image or backup	retain in public/images/insights until article-level review
anker-floorcare-strategy-problem-cover.jpg	public/images/insights/anker-floorcare-strategy-problem-cover.jpg	needs-review		1600	900	no confident article match from filename; manual review required	manual review required
anker-innovation-lacks-methodology-image-001.jpg	public/images/insights/anker-innovation-lacks-methodology-image-001.jpg	keep	anker-innovation-lacks-methodology	1600	900	unused body image matching an existing article slug; likely extra source image or backup	retain in public/images/insights until article-level review
anker-needs-a-hard-battle-image-001.jpg	public/images/insights/anker-needs-a-hard-battle-image-001.jpg	keep	anker-needs-a-hard-battle	1600	900	unused body image matching an existing article slug; likely extra source image or backup	retain in public/images/insights until article-level review
anker-shallow-sea-strategy-and-talent-platform-image-01.jpg	public/images/insights/anker-shallow-sea-strategy-and-talent-platform-image-01.jpg	keep	anker-shallow-sea-strategy-and-talent-platform	1600	900	unused body image matching an existing article slug; likely extra source image or backup	retain in public/images/insights until article-level review
anker-shallow-sea-strategy-and-talent-platform-image-02.jpg	public/images/insights/anker-shallow-sea-strategy-and-talent-platform-image-02.jpg	keep	anker-shallow-sea-strategy-and-talent-platform	1600	900	unused body image matching an existing article slug; likely extra source image or backup	retain in public/images/insights until article-level review
awe-china-cleaning-appliance-signals-cover.jpg	public/images/insights/awe-china-cleaning-appliance-signals-cover.jpg	migrate-candidate	cleaning-appliance-companies-at-awe	1672	941	filename likely belongs to article slug cleaning-appliance-companies-at-awe; review whether to reconnect or rename	review against matched article and decide whether to reconnect, rename, or keep as backup
awe-china-cleaning-appliance-signals-image-001.jpg	public/images/insights/awe-china-cleaning-appliance-signals-image-001.jpg	migrate-candidate	cleaning-appliance-companies-at-awe	1600	900	filename likely belongs to article slug cleaning-appliance-companies-at-awe; review whether to reconnect or rename	review against matched article and decide whether to reconnect, rename, or keep as backup
awe-china-cleaning-appliance-signals-image-002.jpg	public/images/insights/awe-china-cleaning-appliance-signals-image-002.jpg	migrate-candidate	cleaning-appliance-companies-at-awe	1600	900	filename likely belongs to article slug cleaning-appliance-companies-at-awe; review whether to reconnect or rename	review against matched article and decide whether to reconnect, rename, or keep as backup
awe-china-cleaning-appliance-signals-image-003.jpg	public/images/insights/awe-china-cleaning-appliance-signals-image-003.jpg	migrate-candidate	cleaning-appliance-companies-at-awe	1600	900	filename likely belongs to article slug cleaning-appliance-companies-at-awe; review whether to reconnect or rename	review against matched article and decide whether to reconnect, rename, or keep as backup
awe-china-cleaning-appliance-signals-image-004.jpg	public/images/insights/awe-china-cleaning-appliance-signals-image-004.jpg	migrate-candidate	cleaning-appliance-companies-at-awe	1600	900	filename likely belongs to article slug cleaning-appliance-companies-at-awe; review whether to reconnect or rename	review against matched article and decide whether to reconnect, rename, or keep as backup
awe-china-cleaning-appliance-signals-image-005.jpg	public/images/insights/awe-china-cleaning-appliance-signals-image-005.jpg	migrate-candidate	cleaning-appliance-companies-at-awe	1600	900	filename likely belongs to article slug cleaning-appliance-companies-at-awe; review whether to reconnect or rename	review against matched article and decide whether to reconnect, rename, or keep as backup
awe-china-cleaning-appliance-signals-image-006.jpg	public/images/insights/awe-china-cleaning-appliance-signals-image-006.jpg	migrate-candidate	cleaning-appliance-companies-at-awe	1600	900	filename likely belongs to article slug cleaning-appliance-companies-at-awe; review whether to reconnect or rename	review against matched article and decide whether to reconnect, rename, or keep as backup
awe-china-cleaning-appliance-signals-image-007.jpg	public/images/insights/awe-china-cleaning-appliance-signals-image-007.jpg	migrate-candidate	cleaning-appliance-companies-at-awe	1600	900	filename likely belongs to article slug cleaning-appliance-companies-at-awe; review whether to reconnect or rename	review against matched article and decide whether to reconnect, rename, or keep as backup
awe-china-cleaning-appliance-signals-image-008.jpg	public/images/insights/awe-china-cleaning-appliance-signals-image-008.jpg	migrate-candidate	cleaning-appliance-companies-at-awe	1600	900	filename likely belongs to article slug cleaning-appliance-companies-at-awe; review whether to reconnect or rename	review against matched article and decide whether to reconnect, rename, or keep as backup
awe-china-cleaning-appliance-signals-image-009.jpg	public/images/insights/awe-china-cleaning-appliance-signals-image-009.jpg	migrate-candidate	cleaning-appliance-companies-at-awe	1600	900	filename likely belongs to article slug cleaning-appliance-companies-at-awe; review whether to reconnect or rename	review against matched article and decide whether to reconnect, rename, or keep as backup
awe-china-cleaning-appliance-signals-image-010.jpg	public/images/insights/awe-china-cleaning-appliance-signals-image-010.jpg	migrate-candidate	cleaning-appliance-companies-at-awe	1600	900	filename likely belongs to article slug cleaning-appliance-companies-at-awe; review whether to reconnect or rename	review against matched article and decide whether to reconnect, rename, or keep as backup
awe-china-cleaning-appliance-signals-image-011.jpg	public/images/insights/awe-china-cleaning-appliance-signals-image-011.jpg	migrate-candidate	cleaning-appliance-companies-at-awe	1600	900	filename likely belongs to article slug cleaning-appliance-companies-at-awe; review whether to reconnect or rename	review against matched article and decide whether to reconnect, rename, or keep as backup
awe-china-cleaning-appliance-signals-image-012.jpg	public/images/insights/awe-china-cleaning-appliance-signals-image-012.jpg	migrate-candidate	cleaning-appliance-companies-at-awe	1600	900	filename likely belongs to article slug cleaning-appliance-companies-at-awe; review whether to reconnect or rename	review against matched article and decide whether to reconnect, rename, or keep as backup
awe-china-cleaning-appliance-signals-image-013.jpg	public/images/insights/awe-china-cleaning-appliance-signals-image-013.jpg	migrate-candidate	cleaning-appliance-companies-at-awe	1600	900	filename likely belongs to article slug cleaning-appliance-companies-at-awe; review whether to reconnect or rename	review against matched article and decide whether to reconnect, rename, or keep as backup
awe-china-cleaning-appliance-signals-image-014.jpg	public/images/insights/awe-china-cleaning-appliance-signals-image-014.jpg	migrate-candidate	cleaning-appliance-companies-at-awe	1600	900	filename likely belongs to article slug cleaning-appliance-companies-at-awe; review whether to reconnect or rename	review against matched article and decide whether to reconnect, rename, or keep as backup
awe-china-cleaning-appliance-signals-image-015.jpg	public/images/insights/awe-china-cleaning-appliance-signals-image-015.jpg	migrate-candidate	cleaning-appliance-companies-at-awe	1600	900	filename likely belongs to article slug cleaning-appliance-companies-at-awe; review whether to reconnect or rename	review against matched article and decide whether to reconnect, rename, or keep as backup
awe-china-cleaning-appliance-signals-image-016.jpg	public/images/insights/awe-china-cleaning-appliance-signals-image-016.jpg	migrate-candidate	cleaning-appliance-companies-at-awe	1600	900	filename likely belongs to article slug cleaning-appliance-companies-at-awe; review whether to reconnect or rename	review against matched article and decide whether to reconnect, rename, or keep as backup
awe-china-cleaning-appliance-signals-image-017.jpg	public/images/insights/awe-china-cleaning-appliance-signals-image-017.jpg	migrate-candidate	cleaning-appliance-companies-at-awe	1600	900	filename likely belongs to article slug cleaning-appliance-companies-at-awe; review whether to reconnect or rename	review against matched article and decide whether to reconnect, rename, or keep as backup
awe-china-cleaning-appliance-signals-image-018.jpg	public/images/insights/awe-china-cleaning-appliance-signals-image-018.jpg	migrate-candidate	cleaning-appliance-companies-at-awe	1600	900	filename likely belongs to article slug cleaning-appliance-companies-at-awe; review whether to reconnect or rename	review against matched article and decide whether to reconnect, rename, or keep as backup
awe-china-cleaning-appliance-signals-image-019.jpg	public/images/insights/awe-china-cleaning-appliance-signals-image-019.jpg	migrate-candidate	cleaning-appliance-companies-at-awe	1600	900	filename likely belongs to article slug cleaning-appliance-companies-at-awe; review whether to reconnect or rename	review against matched article and decide whether to reconnect, rename, or keep as backup
awe-china-cleaning-appliance-signals-image-020.jpg	public/images/insights/awe-china-cleaning-appliance-signals-image-020.jpg	migrate-candidate	cleaning-appliance-companies-at-awe	1600	900	filename likely belongs to article slug cleaning-appliance-companies-at-awe; review whether to reconnect or rename	review against matched article and decide whether to reconnect, rename, or keep as backup
awe-china-cleaning-appliance-signals-image-021.jpg	public/images/insights/awe-china-cleaning-appliance-signals-image-021.jpg	migrate-candidate	cleaning-appliance-companies-at-awe	1600	900	filename likely belongs to article slug cleaning-appliance-companies-at-awe; review whether to reconnect or rename	review against matched article and decide whether to reconnect, rename, or keep as backup
awe-china-cleaning-appliance-signals-image-022.jpg	public/images/insights/awe-china-cleaning-appliance-signals-image-022.jpg	migrate-candidate	cleaning-appliance-companies-at-awe	1600	900	filename likely belongs to article slug cleaning-appliance-companies-at-awe; review whether to reconnect or rename	review against matched article and decide whether to reconnect, rename, or keep as backup
awe-china-cleaning-appliance-signals-image-023.jpg	public/images/insights/awe-china-cleaning-appliance-signals-image-023.jpg	migrate-candidate	cleaning-appliance-companies-at-awe	1600	900	filename likely belongs to article slug cleaning-appliance-companies-at-awe; review whether to reconnect or rename	review against matched article and decide whether to reconnect, rename, or keep as backup
awe-china-cleaning-appliance-signals-image-024.jpg	public/images/insights/awe-china-cleaning-appliance-signals-image-024.jpg	migrate-candidate	cleaning-appliance-companies-at-awe	1600	900	filename likely belongs to article slug cleaning-appliance-companies-at-awe; review whether to reconnect or rename	review against matched article and decide whether to reconnect, rename, or keep as backup
awe-china-cleaning-appliance-signals-image-025.jpg	public/images/insights/awe-china-cleaning-appliance-signals-image-025.jpg	migrate-candidate	cleaning-appliance-companies-at-awe	1600	900	filename likely belongs to article slug cleaning-appliance-companies-at-awe; review whether to reconnect or rename	review against matched article and decide whether to reconnect, rename, or keep as backup
awe-china-cleaning-appliance-signals-image-026.jpg	public/images/insights/awe-china-cleaning-appliance-signals-image-026.jpg	migrate-candidate	cleaning-appliance-companies-at-awe	1600	900	filename likely belongs to article slug cleaning-appliance-companies-at-awe; review whether to reconnect or rename	review against matched article and decide whether to reconnect, rename, or keep as backup
awe-china-cleaning-appliance-signals-image-027.jpg	public/images/insights/awe-china-cleaning-appliance-signals-image-027.jpg	migrate-candidate	cleaning-appliance-companies-at-awe	1600	900	filename likely belongs to article slug cleaning-appliance-companies-at-awe; review whether to reconnect or rename	review against matched article and decide whether to reconnect, rename, or keep as backup
awe-china-cleaning-appliance-signals-image-028.jpg	public/images/insights/awe-china-cleaning-appliance-signals-image-028.jpg	migrate-candidate	cleaning-appliance-companies-at-awe	1600	900	filename likely belongs to article slug cleaning-appliance-companies-at-awe; review whether to reconnect or rename	review against matched article and decide whether to reconnect, rename, or keep as backup
awe-china-cleaning-appliance-signals-image-029.jpg	public/images/insights/awe-china-cleaning-appliance-signals-image-029.jpg	migrate-candidate	cleaning-appliance-companies-at-awe	1600	900	filename likely belongs to article slug cleaning-appliance-companies-at-awe; review whether to reconnect or rename	review against matched article and decide whether to reconnect, rename, or keep as backup
beatbot-in-leifeng-coverage-image-01.jpg	public/images/insights/beatbot-in-leifeng-coverage-image-01.jpg	keep	beatbot-in-leifeng-coverage	1672	941	unused body image matching an existing article slug; likely extra source image or backup	retain in public/images/insights until article-level review
bissell-crosswave-100-million-dollar-hit-cover.jpg	public/images/insights/bissell-crosswave-100-million-dollar-hit-cover.jpg	migrate-candidate		1672	941	legacy slug or old batch naming pattern; compare against current article slug before any cleanup	review against matched article and decide whether to reconnect, rename, or keep as backup
bissell-crosswave-100-million-dollar-hit-image-001.jpg	public/images/insights/bissell-crosswave-100-million-dollar-hit-image-001.jpg	migrate-candidate		588	442	legacy slug or old batch naming pattern; compare against current article slug before any cleanup	review against matched article and decide whether to reconnect, rename, or keep as backup
bissell-crosswave-100-million-dollar-hit-image-002.jpg	public/images/insights/bissell-crosswave-100-million-dollar-hit-image-002.jpg	migrate-candidate		497	561	legacy slug or old batch naming pattern; compare against current article slug before any cleanup	review against matched article and decide whether to reconnect, rename, or keep as backup
bissell-crosswave-100-million-dollar-hit-image-003.jpg	public/images/insights/bissell-crosswave-100-million-dollar-hit-image-003.jpg	migrate-candidate		381	572	legacy slug or old batch naming pattern; compare against current article slug before any cleanup	review against matched article and decide whether to reconnect, rename, or keep as backup
bissell-crosswave-100-million-dollar-hit-image-004.jpg	public/images/insights/bissell-crosswave-100-million-dollar-hit-image-004.jpg	migrate-candidate		387	387	legacy slug or old batch naming pattern; compare against current article slug before any cleanup	review against matched article and decide whether to reconnect, rename, or keep as backup
bissell-crosswave-100-million-dollar-hit-image-005.jpg	public/images/insights/bissell-crosswave-100-million-dollar-hit-image-005.jpg	migrate-candidate		374	463	legacy slug or old batch naming pattern; compare against current article slug before any cleanup	review against matched article and decide whether to reconnect, rename, or keep as backup
bissell-crosswave-100-million-dollar-hit-image-006.jpg	public/images/insights/bissell-crosswave-100-million-dollar-hit-image-006.jpg	migrate-candidate		339	405	legacy slug or old batch naming pattern; compare against current article slug before any cleanup	review against matched article and decide whether to reconnect, rename, or keep as backup
bissell-crosswave-100-million-dollar-hit-image-007.jpg	public/images/insights/bissell-crosswave-100-million-dollar-hit-image-007.jpg	migrate-candidate		361	536	legacy slug or old batch naming pattern; compare against current article slug before any cleanup	review against matched article and decide whether to reconnect, rename, or keep as backup
bissell-crosswave-100-million-dollar-hit-image-008.jpg	public/images/insights/bissell-crosswave-100-million-dollar-hit-image-008.jpg	migrate-candidate		581	576	legacy slug or old batch naming pattern; compare against current article slug before any cleanup	review against matched article and decide whether to reconnect, rename, or keep as backup
bissell-crosswave-100-million-dollar-hit-image-009.jpg	public/images/insights/bissell-crosswave-100-million-dollar-hit-image-009.jpg	migrate-candidate		1058	554	legacy slug or old batch naming pattern; compare against current article slug before any cleanup	review against matched article and decide whether to reconnect, rename, or keep as backup
bissell-crosswave-100-million-dollar-hit-image-010.jpg	public/images/insights/bissell-crosswave-100-million-dollar-hit-image-010.jpg	migrate-candidate		1036	188	legacy slug or old batch naming pattern; compare against current article slug before any cleanup	review against matched article and decide whether to reconnect, rename, or keep as backup
bissell-crosswave-100-million-dollar-hit-image-011.jpg	public/images/insights/bissell-crosswave-100-million-dollar-hit-image-011.jpg	migrate-candidate		1010	154	legacy slug or old batch naming pattern; compare against current article slug before any cleanup	review against matched article and decide whether to reconnect, rename, or keep as backup
bissell-crosswave-100-million-dollar-hit-image-012.jpg	public/images/insights/bissell-crosswave-100-million-dollar-hit-image-012.jpg	migrate-candidate		379	145	legacy slug or old batch naming pattern; compare against current article slug before any cleanup	review against matched article and decide whether to reconnect, rename, or keep as backup
bissell-crosswave-100-million-dollar-hit-image-013.jpg	public/images/insights/bissell-crosswave-100-million-dollar-hit-image-013.jpg	migrate-candidate		805	148	legacy slug or old batch naming pattern; compare against current article slug before any cleanup	review against matched article and decide whether to reconnect, rename, or keep as backup
bissell-crosswave-100-million-dollar-hit-image-014.jpg	public/images/insights/bissell-crosswave-100-million-dollar-hit-image-014.jpg	migrate-candidate		1033	157	legacy slug or old batch naming pattern; compare against current article slug before any cleanup	review against matched article and decide whether to reconnect, rename, or keep as backup
bissell-crosswave-hard-floor-washer-logic-image-001.jpg	public/images/insights/bissell-crosswave-hard-floor-washer-logic-image-001.jpg	keep	bissell-crosswave-hard-floor-washer-logic	1600	900	unused body image matching an existing article slug; likely extra source image or backup	retain in public/images/insights until article-level review
bissell-itc-337-investigation-against-tineco-image-01.png	public/images/insights/bissell-itc-337-investigation-against-tineco-image-01.png	keep	bissell-itc-337-investigation-against-tineco	548	182	unused body image matching an existing article slug; likely extra source image or backup	retain in public/images/insights until article-level review
bissell-vs-tineco-patent-details-image-001.jpg	public/images/insights/bissell-vs-tineco-patent-details-image-001.jpg	keep	bissell-vs-tineco-patent-details	943	529	unused body image matching an existing article slug; likely extra source image or backup	retain in public/images/insights until article-level review
bosch-cordless-dust-collector-image-001.jpg	public/images/insights/bosch-cordless-dust-collector-image-001.jpg	keep	bosch-cordless-dust-collector	677	267	unused body image matching an existing article slug; likely extra source image or backup	retain in public/images/insights until article-level review
can-dji-become-top-three-in-robot-vacuums-image-01.jpg	public/images/insights/can-dji-become-top-three-in-robot-vacuums-image-01.jpg	keep	can-dji-become-top-three-in-robot-vacuums	1672	941	unused body image matching an existing article slug; likely extra source image or backup	retain in public/images/insights until article-level review
casual-gossip-on-dji-robot-vacuum-image-01.jpg	public/images/insights/casual-gossip-on-dji-robot-vacuum-image-01.jpg	keep	casual-gossip-on-dji-robot-vacuum	1672	941	unused body image matching an existing article slug; likely extra source image or backup	retain in public/images/insights until article-level review
china-cleaning-robot-giants-move-into-backyard-image-01.jpg	public/images/insights/china-cleaning-robot-giants-move-into-backyard-image-01.jpg	keep	china-cleaning-robot-giants-move-into-backyard	1600	900	unused body image matching an existing article slug; likely extra source image or backup	retain in public/images/insights until article-level review
china-premium-vacuum-brand-opportunity-image-001.jpg	public/images/insights/china-premium-vacuum-brand-opportunity-image-001.jpg	keep	china-premium-vacuum-brand-opportunity	746	392	unused body image matching an existing article slug; likely extra source image or backup	retain in public/images/insights until article-level review
china-us-trade-war-pause-image-001.jpg	public/images/insights/china-us-trade-war-pause-image-001.jpg	keep	china-us-trade-war-pause	894	125	unused body image matching an existing article slug; likely extra source image or backup	retain in public/images/insights until article-level review
chinese-cleaning-brands-at-ces-2026-image-01.jpg	public/images/insights/chinese-cleaning-brands-at-ces-2026-image-01.jpg	keep	chinese-cleaning-brands-at-ces-2026	1600	900	unused body image matching an existing article slug; likely extra source image or backup	retain in public/images/insights until article-level review
cleaning-appliance-companies-at-awe-image-019.jpg	public/images/insights/cleaning-appliance-companies-at-awe-image-019.jpg	keep	cleaning-appliance-companies-at-awe	645	577	unused body image matching an existing article slug; likely extra source image or backup	retain in public/images/insights until article-level review
cleaning-appliance-companies-at-awe-image-020.jpg	public/images/insights/cleaning-appliance-companies-at-awe-image-020.jpg	keep	cleaning-appliance-companies-at-awe	713	557	unused body image matching an existing article slug; likely extra source image or backup	retain in public/images/insights until article-level review
cleaning-appliance-companies-at-awe-image-021.jpg	public/images/insights/cleaning-appliance-companies-at-awe-image-021.jpg	keep	cleaning-appliance-companies-at-awe	435	274	unused body image matching an existing article slug; likely extra source image or backup	retain in public/images/insights until article-level review
cleaning-appliance-companies-at-awe-image-022.jpg	public/images/insights/cleaning-appliance-companies-at-awe-image-022.jpg	keep	cleaning-appliance-companies-at-awe	707	501	unused body image matching an existing article slug; likely extra source image or backup	retain in public/images/insights until article-level review
cleaning-appliance-companies-at-awe-image-023.jpg	public/images/insights/cleaning-appliance-companies-at-awe-image-023.jpg	keep	cleaning-appliance-companies-at-awe	478	608	unused body image matching an existing article slug; likely extra source image or backup	retain in public/images/insights until article-level review
cleaning-appliance-companies-at-awe-image-024.jpg	public/images/insights/cleaning-appliance-companies-at-awe-image-024.jpg	keep	cleaning-appliance-companies-at-awe	767	537	unused body image matching an existing article slug; likely extra source image or backup	retain in public/images/insights until article-level review
cleaning-appliance-companies-at-awe-image-025.jpg	public/images/insights/cleaning-appliance-companies-at-awe-image-025.jpg	keep	cleaning-appliance-companies-at-awe	752	534	unused body image matching an existing article slug; likely extra source image or backup	retain in public/images/insights until article-level review
cleaning-appliance-companies-at-awe-image-026.jpg	public/images/insights/cleaning-appliance-companies-at-awe-image-026.jpg	keep	cleaning-appliance-companies-at-awe	779	550	unused body image matching an existing article slug; likely extra source image or backup	retain in public/images/insights until article-level review
cleaning-appliance-companies-at-awe-image-027.jpg	public/images/insights/cleaning-appliance-companies-at-awe-image-027.jpg	keep	cleaning-appliance-companies-at-awe	432	548	unused body image matching an existing article slug; likely extra source image or backup	retain in public/images/insights until article-level review
cleaning-appliance-companies-at-awe-image-028.jpg	public/images/insights/cleaning-appliance-companies-at-awe-image-028.jpg	keep	cleaning-appliance-companies-at-awe	359	253	unused body image matching an existing article slug; likely extra source image or backup	retain in public/images/insights until article-level review
cleaning-appliance-companies-at-awe-image-029.jpg	public/images/insights/cleaning-appliance-companies-at-awe-image-029.jpg	keep	cleaning-appliance-companies-at-awe	588	410	unused body image matching an existing article slug; likely extra source image or backup	retain in public/images/insights until article-level review
cleaning-appliance-industry-age-of-navigation-image-01.jpg	public/images/insights/cleaning-appliance-industry-age-of-navigation-image-01.jpg	keep	cleaning-appliance-industry-age-of-navigation	1672	941	unused body image matching an existing article slug; likely extra source image or backup	retain in public/images/insights until article-level review
collapse-of-godfreys-image-01.jpg	public/images/insights/collapse-of-godfreys-image-01.jpg	keep	collapse-of-godfreys	1672	941	unused body image matching an existing article slug; likely extra source image or backup	retain in public/images/insights until article-level review
complete-hard-floor-washer-buying-guide-cover.jpg	public/images/insights/complete-hard-floor-washer-buying-guide-cover.jpg	migrate-candidate	hard-floor-washer-buying-guide-2022	819	435	filename likely belongs to article slug hard-floor-washer-buying-guide-2022; review whether to reconnect or rename	review against matched article and decide whether to reconnect, rename, or keep as backup
complete-hard-floor-washer-buying-guide-image-001.jpg	public/images/insights/complete-hard-floor-washer-buying-guide-image-001.jpg	migrate-candidate	hard-floor-washer-buying-guide-2022	819	435	filename likely belongs to article slug hard-floor-washer-buying-guide-2022; review whether to reconnect or rename	review against matched article and decide whether to reconnect, rename, or keep as backup
complete-hard-floor-washer-buying-guide-image-002.jpg	public/images/insights/complete-hard-floor-washer-buying-guide-image-002.jpg	migrate-candidate	hard-floor-washer-buying-guide-2022	714	279	filename likely belongs to article slug hard-floor-washer-buying-guide-2022; review whether to reconnect or rename	review against matched article and decide whether to reconnect, rename, or keep as backup
complete-hard-floor-washer-buying-guide-image-003.jpg	public/images/insights/complete-hard-floor-washer-buying-guide-image-003.jpg	migrate-candidate	hard-floor-washer-buying-guide-2022	671	287	filename likely belongs to article slug hard-floor-washer-buying-guide-2022; review whether to reconnect or rename	review against matched article and decide whether to reconnect, rename, or keep as backup
complete-hard-floor-washer-buying-guide-image-004.jpg	public/images/insights/complete-hard-floor-washer-buying-guide-image-004.jpg	migrate-candidate	hard-floor-washer-buying-guide-2022	1170	2532	filename likely belongs to article slug hard-floor-washer-buying-guide-2022; review whether to reconnect or rename	review against matched article and decide whether to reconnect, rename, or keep as backup
deerma-floorcare-value-for-money-limit-image-001.jpg	public/images/insights/deerma-floorcare-value-for-money-limit-image-001.jpg	keep	deerma-floorcare-value-for-money-limit	1600	900	unused body image matching an existing article slug; likely extra source image or backup	retain in public/images/insights until article-level review
delonghi-small-appliance-brand-history-cover.jpg	public/images/insights/delonghi-small-appliance-brand-history-cover.jpg	migrate-candidate		1600	900	legacy slug or old batch naming pattern; compare against current article slug before any cleanup	review against matched article and decide whether to reconnect, rename, or keep as backup
delonghi-small-appliance-brand-history-image-001.jpg	public/images/insights/delonghi-small-appliance-brand-history-image-001.jpg	migrate-candidate		1600	900	legacy slug or old batch naming pattern; compare against current article slug before any cleanup	review against matched article and decide whether to reconnect, rename, or keep as backup
delonghi-small-appliance-brand-history-image-002.jpg	public/images/insights/delonghi-small-appliance-brand-history-image-002.jpg	migrate-candidate		1600	900	legacy slug or old batch naming pattern; compare against current article slug before any cleanup	review against matched article and decide whether to reconnect, rename, or keep as backup
delonghi-small-appliance-brand-history-image-003.jpg	public/images/insights/delonghi-small-appliance-brand-history-image-003.jpg	migrate-candidate		1600	900	legacy slug or old batch naming pattern; compare against current article slug before any cleanup	review against matched article and decide whether to reconnect, rename, or keep as backup
delonghi-small-appliance-brand-history-image-004.jpg	public/images/insights/delonghi-small-appliance-brand-history-image-004.jpg	migrate-candidate		1600	900	legacy slug or old batch naming pattern; compare against current article slug before any cleanup	review against matched article and decide whether to reconnect, rename, or keep as backup
delonghi-small-appliance-brand-history-image-005.jpg	public/images/insights/delonghi-small-appliance-brand-history-image-005.jpg	migrate-candidate		1600	900	legacy slug or old batch naming pattern; compare against current article slug before any cleanup	review against matched article and decide whether to reconnect, rename, or keep as backup
delonghi-small-appliance-brand-history-image-006.jpg	public/images/insights/delonghi-small-appliance-brand-history-image-006.jpg	migrate-candidate		1600	900	legacy slug or old batch naming pattern; compare against current article slug before any cleanup	review against matched article and decide whether to reconnect, rename, or keep as backup
delonghi-small-appliance-brand-history-image-007.jpg	public/images/insights/delonghi-small-appliance-brand-history-image-007.jpg	migrate-candidate		1600	900	legacy slug or old batch naming pattern; compare against current article slug before any cleanup	review against matched article and decide whether to reconnect, rename, or keep as backup
delonghi-small-appliance-brand-history-image-008.jpg	public/images/insights/delonghi-small-appliance-brand-history-image-008.jpg	migrate-candidate		1600	900	legacy slug or old batch naming pattern; compare against current article slug before any cleanup	review against matched article and decide whether to reconnect, rename, or keep as backup
delonghi-small-appliance-brand-history-image-009.jpg	public/images/insights/delonghi-small-appliance-brand-history-image-009.jpg	migrate-candidate		1600	900	legacy slug or old batch naming pattern; compare against current article slug before any cleanup	review against matched article and decide whether to reconnect, rename, or keep as backup
delonghi-small-appliance-brand-history-image-010.jpg	public/images/insights/delonghi-small-appliance-brand-history-image-010.jpg	migrate-candidate		1600	900	legacy slug or old batch naming pattern; compare against current article slug before any cleanup	review against matched article and decide whether to reconnect, rename, or keep as backup
delonghi-small-appliance-brand-history-image-011.jpg	public/images/insights/delonghi-small-appliance-brand-history-image-011.jpg	migrate-candidate		1600	900	legacy slug or old batch naming pattern; compare against current article slug before any cleanup	review against matched article and decide whether to reconnect, rename, or keep as backup
delonghi-small-appliance-brand-history-image-012.jpg	public/images/insights/delonghi-small-appliance-brand-history-image-012.jpg	migrate-candidate		1600	900	legacy slug or old batch naming pattern; compare against current article slug before any cleanup	review against matched article and decide whether to reconnect, rename, or keep as backup
delonghi-small-appliance-brand-history-image-013.jpg	public/images/insights/delonghi-small-appliance-brand-history-image-013.jpg	migrate-candidate		1600	900	legacy slug or old batch naming pattern; compare against current article slug before any cleanup	review against matched article and decide whether to reconnect, rename, or keep as backup
delonghi-small-appliance-brand-history-image-014.jpg	public/images/insights/delonghi-small-appliance-brand-history-image-014.jpg	migrate-candidate		1600	900	legacy slug or old batch naming pattern; compare against current article slug before any cleanup	review against matched article and decide whether to reconnect, rename, or keep as backup
delonghi-small-appliance-brand-history-image-015.jpg	public/images/insights/delonghi-small-appliance-brand-history-image-015.jpg	migrate-candidate		1600	900	legacy slug or old batch naming pattern; compare against current article slug before any cleanup	review against matched article and decide whether to reconnect, rename, or keep as backup
delonghi-small-appliance-brand-history-image-016.jpg	public/images/insights/delonghi-small-appliance-brand-history-image-016.jpg	migrate-candidate		1600	900	legacy slug or old batch naming pattern; compare against current article slug before any cleanup	review against matched article and decide whether to reconnect, rename, or keep as backup
delonghi-small-appliance-brand-history-image-017.jpg	public/images/insights/delonghi-small-appliance-brand-history-image-017.jpg	migrate-candidate		1600	900	legacy slug or old batch naming pattern; compare against current article slug before any cleanup	review against matched article and decide whether to reconnect, rename, or keep as backup
delonghi-small-appliance-brand-history-image-018.jpg	public/images/insights/delonghi-small-appliance-brand-history-image-018.jpg	migrate-candidate		1600	900	legacy slug or old batch naming pattern; compare against current article slug before any cleanup	review against matched article and decide whether to reconnect, rename, or keep as backup
dewalts-rise-harvard-case-image-001.jpg	public/images/insights/dewalts-rise-harvard-case-image-001.jpg	keep	dewalts-rise-harvard-case	609	330	unused body image matching an existing article slug; likely extra source image or backup	retain in public/images/insights until article-level review
dji-enters-robot-vacuums-image-001.jpg	public/images/insights/dji-enters-robot-vacuums-image-001.jpg	keep	dji-enters-robot-vacuums	700	610	unused body image matching an existing article slug; likely extra source image or backup	retain in public/images/insights until article-level review
dji-goes-to-the-ground-dreame-and-insta360-go-to-the-sky-image-01.jpg	public/images/insights/dji-goes-to-the-ground-dreame-and-insta360-go-to-the-sky-image-01.jpg	keep	dji-goes-to-the-ground-dreame-and-insta360-go-to-the-sky	1672	941	unused body image matching an existing article slug; likely extra source image or backup	retain in public/images/insights until article-level review
dji-is-running-out-of-time-image-01.jpg	public/images/insights/dji-is-running-out-of-time-image-01.jpg	keep	dji-is-running-out-of-time	1672	941	unused body image matching an existing article slug; likely extra source image or backup	retain in public/images/insights until article-level review
dji-romo-launch-analysis-image-01.jpg	public/images/insights/dji-romo-launch-analysis-image-01.jpg	keep	dji-romo-launch-analysis	1672	941	unused body image matching an existing article slug; likely extra source image or backup	retain in public/images/insights until article-level review
dji-romo-robot-vacuum-preview-image-001.jpg	public/images/insights/dji-romo-robot-vacuum-preview-image-001.jpg	keep	dji-romo-robot-vacuum-preview	554	151	unused body image matching an existing article slug; likely extra source image or backup	retain in public/images/insights until article-level review
dji-romo-weaknesses-exposed-image-01.jpg	public/images/insights/dji-romo-weaknesses-exposed-image-01.jpg	keep	dji-romo-weaknesses-exposed	1672	940	unused body image matching an existing article slug; likely extra source image or backup	retain in public/images/insights until article-level review
do-you-still-need-trade-shows-if-you-know-the-suppliers-image-01.jpg	public/images/insights/do-you-still-need-trade-shows-if-you-know-the-suppliers-image-01.jpg	keep	do-you-still-need-trade-shows-if-you-know-the-suppliers	1600	900	unused body image matching an existing article slug; likely extra source image or backup	retain in public/images/insights until article-level review
dreame-douyin-counterattack-against-tineco-image-01.jpg	public/images/insights/dreame-douyin-counterattack-against-tineco-image-01.jpg	keep	dreame-douyin-counterattack-against-tineco	1672	941	unused body image matching an existing article slug; likely extra source image or backup	retain in public/images/insights until article-level review
dreame-new-disruptor-in-vacuums-image-001.jpg	public/images/insights/dreame-new-disruptor-in-vacuums-image-001.jpg	keep	dreame-new-disruptor-in-vacuums	1079	1730	unused body image matching an existing article slug; likely extra source image or backup	retain in public/images/insights until article-level review
dyson-at-a-crossroads-image-001.jpg	public/images/insights/dyson-at-a-crossroads-image-001.jpg	keep	dyson-at-a-crossroads	532	315	unused body image matching an existing article slug; likely extra source image or backup	retain in public/images/insights until article-level review
dyson-at-a-crossroads-image-01.jpg	public/images/insights/dyson-at-a-crossroads-image-01.jpg	keep	dyson-at-a-crossroads	1600	900	unused body image matching an existing article slug; likely extra source image or backup	retain in public/images/insights until article-level review
dyson-at-a-crossroads-image-02.jpg	public/images/insights/dyson-at-a-crossroads-image-02.jpg	keep	dyson-at-a-crossroads	1600	900	unused body image matching an existing article slug; likely extra source image or backup	retain in public/images/insights until article-level review
dyson-china-oem-history-image-01.png	public/images/insights/dyson-china-oem-history-image-01.png	keep	dyson-china-oem-history	262	344	unused body image matching an existing article slug; likely extra source image or backup	retain in public/images/insights until article-level review
dyson-fights-bosch-again-image-001.jpg	public/images/insights/dyson-fights-bosch-again-image-001.jpg	keep	dyson-fights-bosch-again	1310	554	unused body image matching an existing article slug; likely extra source image or backup	retain in public/images/insights until article-level review
dyson-hard-floor-washer-exposed-image-001.jpg	public/images/insights/dyson-hard-floor-washer-exposed-image-001.jpg	keep	dyson-hard-floor-washer-exposed	359	466	unused body image matching an existing article slug; likely extra source image or backup	retain in public/images/insights until article-level review
dyson-makes-another-big-move-image-001.jpg	public/images/insights/dyson-makes-another-big-move-image-001.jpg	keep	dyson-makes-another-big-move	846	531	unused body image matching an existing article slug; likely extra source image or backup	retain in public/images/insights until article-level review
dyson-nautik-is-not-a-real-hard-floor-washer-image-001.jpg	public/images/insights/dyson-nautik-is-not-a-real-hard-floor-washer-image-001.jpg	keep	dyson-nautik-is-not-a-real-hard-floor-washer	1163	987	unused body image matching an existing article slug; likely extra source image or backup	retain in public/images/insights until article-level review
dyson-new-product-review-2025-image-01.jpg	public/images/insights/dyson-new-product-review-2025-image-01.jpg	keep	dyson-new-product-review-2025	1600	900	unused body image matching an existing article slug; likely extra source image or backup	retain in public/images/insights until article-level review
dyson-new-product-review-image-001.jpg	public/images/insights/dyson-new-product-review-image-001.jpg	keep	dyson-new-product-review	1212	712	unused body image matching an existing article slug; likely extra source image or backup	retain in public/images/insights until article-level review
dysons-anxiety-image-001.jpg	public/images/insights/dysons-anxiety-image-001.jpg	keep	dysons-anxiety	786	359	unused body image matching an existing article slug; likely extra source image or backup	retain in public/images/insights until article-level review
ecovacs-2018-annual-report-signals-image-001.jpg	public/images/insights/ecovacs-2018-annual-report-signals-image-001.jpg	keep	ecovacs-2018-annual-report-signals	1600	900	unused body image matching an existing article slug; likely extra source image or backup	retain in public/images/insights until article-level review
ecovacs-2019-and-industry-landscape-shift-image-001.jpg	public/images/insights/ecovacs-2019-and-industry-landscape-shift-image-001.jpg	keep	ecovacs-2019-and-industry-landscape-shift	576	223	unused body image matching an existing article slug; likely extra source image or backup	retain in public/images/insights until article-level review
ecovacs-and-irobot-cooperation-agreement-image-001.jpg	public/images/insights/ecovacs-and-irobot-cooperation-agreement-image-001.jpg	keep	ecovacs-and-irobot-cooperation-agreement	722	199	unused body image matching an existing article slug; likely extra source image or backup	retain in public/images/insights until article-level review
ecovacs-at-a-crossroads-image-001.jpg	public/images/insights/ecovacs-at-a-crossroads-image-001.jpg	keep	ecovacs-at-a-crossroads	358	383	unused body image matching an existing article slug; likely extra source image or backup	retain in public/images/insights until article-level review
ecovacs-at-a-crossroads-image-01.jpg	public/images/insights/ecovacs-at-a-crossroads-image-01.jpg	keep	ecovacs-at-a-crossroads	1600	900	unused body image matching an existing article slug; likely extra source image or backup	retain in public/images/insights until article-level review
ecovacs-at-a-crossroads-image-02.jpg	public/images/insights/ecovacs-at-a-crossroads-image-02.jpg	keep	ecovacs-at-a-crossroads	1600	900	unused body image matching an existing article slug; likely extra source image or backup	retain in public/images/insights until article-level review
ecovacs-invests-in-battery-cell-factory-image-001.jpg	public/images/insights/ecovacs-invests-in-battery-cell-factory-image-001.jpg	keep	ecovacs-invests-in-battery-cell-factory	500	300	unused body image matching an existing article slug; likely extra source image or backup	retain in public/images/insights until article-level review
ecovacs-mid-year-report-reading-image-001.jpg	public/images/insights/ecovacs-mid-year-report-reading-image-001.jpg	keep	ecovacs-mid-year-report-reading	617	218	unused body image matching an existing article slug; likely extra source image or backup	retain in public/images/insights until article-level review
eve-of-the-robot-vacuum-battle-image-01.jpg	public/images/insights/eve-of-the-robot-vacuum-battle-image-01.jpg	keep	eve-of-the-robot-vacuum-battle	1672	941	unused body image matching an existing article slug; likely extra source image or backup	retain in public/images/insights until article-level review
foreign-cleaning-brands-irobot-status-cover.jpg	public/images/insights/foreign-cleaning-brands-irobot-status-cover.jpg	needs-review		1672	941	no confident article match from filename; manual review required	manual review required
foreign-cleaning-brands-irobot-status-image-01.jpg	public/images/insights/foreign-cleaning-brands-irobot-status-image-01.jpg	needs-review		1600	900	no confident article match from filename; manual review required	manual review required
german-vacuum-brands-in-the-cordless-wave-image-001.jpg	public/images/insights/german-vacuum-brands-in-the-cordless-wave-image-001.jpg	keep	german-vacuum-brands-in-the-cordless-wave	805	216	unused body image matching an existing article slug; likely extra source image or backup	retain in public/images/insights until article-level review
groupe-seb-2018-annual-report-signals-image-001.jpg	public/images/insights/groupe-seb-2018-annual-report-signals-image-001.jpg	keep	groupe-seb-2018-annual-report-signals	1600	900	unused body image matching an existing article slug; likely extra source image or backup	retain in public/images/insights until article-level review
hard-floor-washers-have-no-profit-image-001.jpg	public/images/insights/hard-floor-washers-have-no-profit-image-001.jpg	keep	hard-floor-washers-have-no-profit	277	574	unused body image matching an existing article slug; likely extra source image or backup	retain in public/images/insights until article-level review
hidden-risks-in-cordless-vacuum-development-image-001.jpg	public/images/insights/hidden-risks-in-cordless-vacuum-development-image-001.jpg	keep	hidden-risks-in-cordless-vacuum-development	478	302	unused body image matching an existing article slug; likely extra source image or backup	retain in public/images/insights until article-level review
historic-opportunities-in-the-vacuum-industry-image-01.jpg	public/images/insights/historic-opportunities-in-the-vacuum-industry-image-01.jpg	keep	historic-opportunities-in-the-vacuum-industry	1672	941	unused body image matching an existing article slug; likely extra source image or backup	retain in public/images/insights until article-level review
how-to-understand-complete-supply-chain-transfer-image-01.jpg	public/images/insights/how-to-understand-complete-supply-chain-transfer-image-01.jpg	keep	how-to-understand-complete-supply-chain-transfer	1672	941	unused body image matching an existing article slug; likely extra source image or backup	retain in public/images/insights until article-level review
hundred-years-of-cleaning-appliance-history-image-110.jpg	public/images/insights/hundred-years-of-cleaning-appliance-history-image-110.jpg	keep	hundred-years-of-cleaning-appliance-history	703	381	unused body image matching an existing article slug; likely extra source image or backup	retain in public/images/insights until article-level review
hundred-years-of-cleaning-appliance-history-image-111.jpg	public/images/insights/hundred-years-of-cleaning-appliance-history-image-111.jpg	keep	hundred-years-of-cleaning-appliance-history	1328	301	unused body image matching an existing article slug; likely extra source image or backup	retain in public/images/insights until article-level review
i-want-to-become-an-influencer-image-01.jpg	public/images/insights/i-want-to-become-an-influencer-image-01.jpg	keep	i-want-to-become-an-influencer	1672	941	unused body image matching an existing article slug; likely extra source image or backup	retain in public/images/insights until article-level review
i-want-to-build-an-ifa-style-show-cover.jpg	public/images/insights/i-want-to-build-an-ifa-style-show-cover.jpg	needs-review		1600	900	no confident article match from filename; manual review required	manual review required
i-want-to-build-an-ifa-style-show-image-01.jpg	public/images/insights/i-want-to-build-an-ifa-style-show-image-01.jpg	needs-review		1600	900	no confident article match from filename; manual review required	manual review required
impact-of-trump-reciprocal-tariffs-image-01.jpg	public/images/insights/impact-of-trump-reciprocal-tariffs-image-01.jpg	keep	impact-of-trump-reciprocal-tariffs	1672	941	unused body image matching an existing article slug; likely extra source image or backup	retain in public/images/insights until article-level review
interview-with-kingclean-chairman-ni-cover.jpg	public/images/insights/interview-with-kingclean-chairman-ni-cover.jpg	migrate-candidate	kingclean-chairman-ni-formal-interview	1672	941	filename likely belongs to article slug kingclean-chairman-ni-formal-interview; review whether to reconnect or rename	review against matched article and decide whether to reconnect, rename, or keep as backup
interview-with-kingclean-chairman-ni-image-01.jpg	public/images/insights/interview-with-kingclean-chairman-ni-image-01.jpg	migrate-candidate	kingclean-chairman-ni-formal-interview	1672	941	filename likely belongs to article slug kingclean-chairman-ni-formal-interview; review whether to reconnect or rename	review against matched article and decide whether to reconnect, rename, or keep as backup
irobot-at-a-crossroads-cover.jpg	public/images/insights/irobot-at-a-crossroads-cover.jpg	keep	irobot-at-a-crossroads	1600	900	unused cover matching an existing article slug; likely alternate or backup cover	retain in public/images/insights until article-level review
irobot-at-a-crossroads-image-001.jpg	public/images/insights/irobot-at-a-crossroads-image-001.jpg	keep	irobot-at-a-crossroads	1600	900	unused body image matching an existing article slug; likely extra source image or backup	retain in public/images/insights until article-level review
irobot-at-a-crossroads-image-002.jpg	public/images/insights/irobot-at-a-crossroads-image-002.jpg	keep	irobot-at-a-crossroads	1600	900	unused body image matching an existing article slug; likely extra source image or backup	retain in public/images/insights until article-level review
irobot-at-a-crossroads-image-003.jpg	public/images/insights/irobot-at-a-crossroads-image-003.jpg	keep	irobot-at-a-crossroads	1600	900	unused body image matching an existing article slug; likely extra source image or backup	retain in public/images/insights until article-level review
irobot-at-a-crossroads-image-004.jpg	public/images/insights/irobot-at-a-crossroads-image-004.jpg	keep	irobot-at-a-crossroads	1600	900	unused body image matching an existing article slug; likely extra source image or backup	retain in public/images/insights until article-level review
irobot-at-a-crossroads-image-005.jpg	public/images/insights/irobot-at-a-crossroads-image-005.jpg	keep	irobot-at-a-crossroads	1600	900	unused body image matching an existing article slug; likely extra source image or backup	retain in public/images/insights until article-level review
irobot-at-a-crossroads-image-006.jpg	public/images/insights/irobot-at-a-crossroads-image-006.jpg	keep	irobot-at-a-crossroads	1600	900	unused body image matching an existing article slug; likely extra source image or backup	retain in public/images/insights until article-level review
irobot-at-a-crossroads-image-007.jpg	public/images/insights/irobot-at-a-crossroads-image-007.jpg	keep	irobot-at-a-crossroads	1600	900	unused body image matching an existing article slug; likely extra source image or backup	retain in public/images/insights until article-level review
irobot-at-a-crossroads-image-008.jpg	public/images/insights/irobot-at-a-crossroads-image-008.jpg	keep	irobot-at-a-crossroads	1600	900	unused body image matching an existing article slug; likely extra source image or backup	retain in public/images/insights until article-level review
irobot-at-a-crossroads-image-009.jpg	public/images/insights/irobot-at-a-crossroads-image-009.jpg	keep	irobot-at-a-crossroads	1600	900	unused body image matching an existing article slug; likely extra source image or backup	retain in public/images/insights until article-level review
irobot-at-a-crossroads-image-010.jpg	public/images/insights/irobot-at-a-crossroads-image-010.jpg	keep	irobot-at-a-crossroads	1600	900	unused body image matching an existing article slug; likely extra source image or backup	retain in public/images/insights until article-level review
irobot-at-a-crossroads-image-011.jpg	public/images/insights/irobot-at-a-crossroads-image-011.jpg	keep	irobot-at-a-crossroads	1600	900	unused body image matching an existing article slug; likely extra source image or backup	retain in public/images/insights until article-level review
irobot-at-a-crossroads-image-012.jpg	public/images/insights/irobot-at-a-crossroads-image-012.jpg	keep	irobot-at-a-crossroads	1600	900	unused body image matching an existing article slug; likely extra source image or backup	retain in public/images/insights until article-level review
irobot-at-a-crossroads-image-013.jpg	public/images/insights/irobot-at-a-crossroads-image-013.jpg	keep	irobot-at-a-crossroads	1600	900	unused body image matching an existing article slug; likely extra source image or backup	retain in public/images/insights until article-level review
irobot-at-a-crossroads-image-014.jpg	public/images/insights/irobot-at-a-crossroads-image-014.jpg	keep	irobot-at-a-crossroads	1600	900	unused body image matching an existing article slug; likely extra source image or backup	retain in public/images/insights until article-level review
irobot-at-the-crossroads-image-001.jpg	public/images/insights/irobot-at-the-crossroads-image-001.jpg	migrate-candidate	irobot-at-a-crossroads	664	413	filename likely belongs to article slug irobot-at-a-crossroads; review whether to reconnect or rename	review against matched article and decide whether to reconnect, rename, or keep as backup
irobot-decline-and-the-new-robot-vacuum-order-image-01.jpg	public/images/insights/irobot-decline-and-the-new-robot-vacuum-order-image-01.jpg	keep	irobot-decline-and-the-new-robot-vacuum-order	1600	900	unused body image matching an existing article slug; likely extra source image or backup	retain in public/images/insights until article-level review
irobot-decline-and-the-new-robot-vacuum-order-image-02.jpg	public/images/insights/irobot-decline-and-the-new-robot-vacuum-order-image-02.jpg	keep	irobot-decline-and-the-new-robot-vacuum-order	1600	900	unused body image matching an existing article slug; likely extra source image or backup	retain in public/images/insights until article-level review
irobot-exits-and-dji-enters-image-01.jpg	public/images/insights/irobot-exits-and-dji-enters-image-01.jpg	keep	irobot-exits-and-dji-enters	1672	941	unused body image matching an existing article slug; likely extra source image or backup	retain in public/images/insights until article-level review
irobot-financial-crisis-image-002.jpg	public/images/insights/irobot-financial-crisis-image-002.jpg	keep	irobot-financial-crisis	1600	900	unused body image matching an existing article slug; likely extra source image or backup	retain in public/images/insights until article-level review
irobot-fourth-quarter-and-full-year-revenue-image-001.jpg	public/images/insights/irobot-fourth-quarter-and-full-year-revenue-image-001.jpg	keep	irobot-fourth-quarter-and-full-year-revenue	400	229	unused body image matching an existing article slug; likely extra source image or backup	retain in public/images/insights until article-level review
irobot-uncertain-future-image-01.jpg	public/images/insights/irobot-uncertain-future-image-01.jpg	keep	irobot-uncertain-future	1672	941	unused body image matching an existing article slug; likely extra source image or backup	retain in public/images/insights until article-level review
is-kingclean-mojie-a-good-product-image-001.jpg	public/images/insights/is-kingclean-mojie-a-good-product-image-001.jpg	keep	is-kingclean-mojie-a-good-product	640	359	unused body image matching an existing article slug; likely extra source image or backup	retain in public/images/insights until article-level review
jan-6-2026-yard-cleaning-and-tool-news-image-01.jpg	public/images/insights/jan-6-2026-yard-cleaning-and-tool-news-image-01.jpg	keep	jan-6-2026-yard-cleaning-and-tool-news	1600	900	unused body image matching an existing article slug; likely extra source image or backup	retain in public/images/insights until article-level review
karcher-hidden-champion-in-cleaning-appliances-image-001.jpg	public/images/insights/karcher-hidden-champion-in-cleaning-appliances-image-001.jpg	keep	karcher-hidden-champion-in-cleaning-appliances	407	532	unused body image matching an existing article slug; likely extra source image or backup	retain in public/images/insights until article-level review
laifen-hard-floor-washer-chances-cover.jpg	public/images/insights/laifen-hard-floor-washer-chances-cover.jpg	migrate-candidate	laifen-hard-floor-washer-entry-strategy	1600	900	filename likely belongs to article slug laifen-hard-floor-washer-entry-strategy; review whether to reconnect or rename	review against matched article and decide whether to reconnect, rename, or keep as backup
laifen-hard-floor-washer-chances-image-01.jpg	public/images/insights/laifen-hard-floor-washer-chances-image-01.jpg	migrate-candidate	laifen-hard-floor-washer-entry-strategy	1672	941	filename likely belongs to article slug laifen-hard-floor-washer-entry-strategy; review whether to reconnect or rename	review against matched article and decide whether to reconnect, rename, or keep as backup
lawsuit-that-changed-robot-vacuum-industry-follow-up-image-01.png	public/images/insights/lawsuit-that-changed-robot-vacuum-industry-follow-up-image-01.png	keep	lawsuit-that-changed-robot-vacuum-industry-follow-up	991	174	unused body image matching an existing article slug; likely extra source image or backup	retain in public/images/insights until article-level review
lawsuit-that-shaped-the-handheld-vacuum-industry-image-001.jpg	public/images/insights/lawsuit-that-shaped-the-handheld-vacuum-industry-image-001.jpg	keep	lawsuit-that-shaped-the-handheld-vacuum-industry	468	208	unused body image matching an existing article slug; likely extra source image or backup	retain in public/images/insights until article-level review
lithium-batteries-in-vacuums-and-power-tools-image-019.jpg	public/images/insights/lithium-batteries-in-vacuums-and-power-tools-image-019.jpg	keep	lithium-batteries-in-vacuums-and-power-tools	593	346	unused body image matching an existing article slug; likely extra source image or backup	retain in public/images/insights until article-level review
lithium-batteries-in-vacuums-and-power-tools-image-020.jpg	public/images/insights/lithium-batteries-in-vacuums-and-power-tools-image-020.jpg	keep	lithium-batteries-in-vacuums-and-power-tools	899	372	unused body image matching an existing article slug; likely extra source image or backup	retain in public/images/insights until article-level review
london-talks-55-percent-tariff-image-01.jpg	public/images/insights/london-talks-55-percent-tariff-image-01.jpg	keep	london-talks-55-percent-tariff	1672	941	unused body image matching an existing article slug; likely extra source image or backup	retain in public/images/insights until article-level review
major-battle-about-to-begin-image-01.jpg	public/images/insights/major-battle-about-to-begin-image-01.jpg	keep	major-battle-about-to-begin	1672	941	unused body image matching an existing article slug; likely extra source image or backup	retain in public/images/insights until article-level review
maytronics-robotic-pool-cleaner-reinvention-image-02.jpg	public/images/insights/maytronics-robotic-pool-cleaner-reinvention-image-02.jpg	keep	maytronics-robotic-pool-cleaner-reinvention	1600	900	unused body image matching an existing article slug; likely extra source image or backup	retain in public/images/insights until article-level review
midea-cleaning-appliance-past-image-01.jpg	public/images/insights/midea-cleaning-appliance-past-image-01.jpg	keep	midea-cleaning-appliance-past	1672	941	unused body image matching an existing article slug; likely extra source image or backup	retain in public/images/insights until article-level review
midea-supplier-summit-review-image-001.jpg	public/images/insights/midea-supplier-summit-review-image-001.jpg	keep	midea-supplier-summit-review	2389	1080	unused body image matching an existing article slug; likely extra source image or backup	retain in public/images/insights until article-level review
migo-ascender-stair-climbing-robot-image-01.jpg	public/images/insights/migo-ascender-stair-climbing-robot-image-01.jpg	keep	migo-ascender-stair-climbing-robot	1672	941	unused body image matching an existing article slug; likely extra source image or backup	retain in public/images/insights until article-level review
mijia-robot-vacuum-g1-and-xiaomi-ecosystem-image-001.jpg	public/images/insights/mijia-robot-vacuum-g1-and-xiaomi-ecosystem-image-001.jpg	keep	mijia-robot-vacuum-g1-and-xiaomi-ecosystem	933	476	unused body image matching an existing article slug; likely extra source image or backup	retain in public/images/insights until article-level review
milwaukee-2761-return-of-the-king-image-01.jpg	public/images/insights/milwaukee-2761-return-of-the-king-image-01.jpg	keep	milwaukee-2761-return-of-the-king	1600	900	unused body image matching an existing article slug; likely extra source image or backup	retain in public/images/insights until article-level review
mova-took-me-to-meet-a-celebrity-image-01.jpg	public/images/insights/mova-took-me-to-meet-a-celebrity-image-01.jpg	keep	mova-took-me-to-meet-a-celebrity	1600	900	unused body image matching an existing article slug; likely extra source image or backup	retain in public/images/insights until article-level review
narwal-and-the-self-cleaning-robot-vacuum-image-001.jpg	public/images/insights/narwal-and-the-self-cleaning-robot-vacuum-image-001.jpg	keep	narwal-and-the-self-cleaning-robot-vacuum	1600	900	unused body image matching an existing article slug; likely extra source image or backup	retain in public/images/insights until article-level review
narwal-j6-and-technology-iteration-image-01.jpg	public/images/insights/narwal-j6-and-technology-iteration-image-01.jpg	keep	narwal-j6-and-technology-iteration	1672	941	unused body image matching an existing article slug; likely extra source image or backup	retain in public/images/insights until article-level review
narwal-raises-new-funding-image-001.jpg	public/images/insights/narwal-raises-new-funding-image-001.jpg	keep	narwal-raises-new-funding	640	266	unused body image matching an existing article slug; likely extra source image or backup	retain in public/images/insights until article-level review
narwal-revival-story-image-01.jpg	public/images/insights/narwal-revival-story-image-01.jpg	keep	narwal-revival-story	1672	941	unused body image matching an existing article slug; likely extra source image or backup	retain in public/images/insights until article-level review
narwal-robot-vacuum-innovation-cover.jpg	public/images/insights/narwal-robot-vacuum-innovation-cover.jpg	needs-review		680	425	no confident article match from filename; manual review required	manual review required
narwal-robot-vacuum-innovation-image-001.jpg	public/images/insights/narwal-robot-vacuum-innovation-image-001.jpg	needs-review		680	425	no confident article match from filename; manual review required	manual review required
narwal-robot-vacuum-innovation-image-002.jpg	public/images/insights/narwal-robot-vacuum-innovation-image-002.jpg	needs-review		707	493	no confident article match from filename; manual review required	manual review required
narwal-robot-vacuum-innovation-image-003.jpg	public/images/insights/narwal-robot-vacuum-innovation-image-003.jpg	needs-review		669	280	no confident article match from filename; manual review required	manual review required
narwal-robot-vacuum-innovation-image-004.jpg	public/images/insights/narwal-robot-vacuum-innovation-image-004.jpg	needs-review		680	425	no confident article match from filename; manual review required	manual review required
narwal-robot-vacuum-innovation-image-005.jpg	public/images/insights/narwal-robot-vacuum-innovation-image-005.jpg	needs-review		666	364	no confident article match from filename; manual review required	manual review required
narwal-robot-vacuum-innovation-image-006.jpg	public/images/insights/narwal-robot-vacuum-innovation-image-006.jpg	needs-review		663	365	no confident article match from filename; manual review required	manual review required
narwal-robot-vacuum-innovation-image-007.jpg	public/images/insights/narwal-robot-vacuum-innovation-image-007.jpg	needs-review		680	425	no confident article match from filename; manual review required	manual review required
narwal-robot-vacuum-innovation-image-008.jpg	public/images/insights/narwal-robot-vacuum-innovation-image-008.jpg	needs-review		646	354	no confident article match from filename; manual review required	manual review required
narwal-robot-vacuum-innovation-image-009.jpg	public/images/insights/narwal-robot-vacuum-innovation-image-009.jpg	needs-review		662	371	no confident article match from filename; manual review required	manual review required
narwal-robot-vacuum-innovation-image-010.jpg	public/images/insights/narwal-robot-vacuum-innovation-image-010.jpg	needs-review		680	425	no confident article match from filename; manual review required	manual review required
narwal-robot-vacuum-innovation-image-011.jpg	public/images/insights/narwal-robot-vacuum-innovation-image-011.jpg	needs-review		680	425	no confident article match from filename; manual review required	manual review required
narwal-robot-vacuum-innovation-image-012.jpg	public/images/insights/narwal-robot-vacuum-innovation-image-012.jpg	needs-review		680	839	no confident article match from filename; manual review required	manual review required
narwal-robot-vacuum-innovation-image-013.jpg	public/images/insights/narwal-robot-vacuum-innovation-image-013.jpg	needs-review		694	516	no confident article match from filename; manual review required	manual review required
narwal-robot-vacuum-innovation-image-014.jpg	public/images/insights/narwal-robot-vacuum-innovation-image-014.jpg	needs-review		680	351	no confident article match from filename; manual review required	manual review required
narwal-robot-vacuum-innovation-image-015.jpg	public/images/insights/narwal-robot-vacuum-innovation-image-015.jpg	needs-review		680	285	no confident article match from filename; manual review required	manual review required
narwal-robot-vacuum-innovation-image-016.jpg	public/images/insights/narwal-robot-vacuum-innovation-image-016.jpg	needs-review		407	335	no confident article match from filename; manual review required	manual review required
narwal-robot-vacuum-innovation-image-017.jpg	public/images/insights/narwal-robot-vacuum-innovation-image-017.jpg	needs-review		1135	514	no confident article match from filename; manual review required	manual review required
narwal-robot-vacuum-innovation-image-018.jpg	public/images/insights/narwal-robot-vacuum-innovation-image-018.jpg	needs-review		864	256	no confident article match from filename; manual review required	manual review required
narwal-robot-vacuum-innovation-image-019.jpg	public/images/insights/narwal-robot-vacuum-innovation-image-019.jpg	needs-review		1133	277	no confident article match from filename; manual review required	manual review required
narwal-robot-vacuum-innovation-image-020.jpg	public/images/insights/narwal-robot-vacuum-innovation-image-020.jpg	needs-review		1124	483	no confident article match from filename; manual review required	manual review required
narwal-robot-vacuum-innovation-image-021.jpg	public/images/insights/narwal-robot-vacuum-innovation-image-021.jpg	needs-review		891	221	no confident article match from filename; manual review required	manual review required
narwal-robot-vacuum-innovation-image-022.jpg	public/images/insights/narwal-robot-vacuum-innovation-image-022.jpg	needs-review		898	251	no confident article match from filename; manual review required	manual review required
narwal-robot-vacuum-innovation-image-023.jpg	public/images/insights/narwal-robot-vacuum-innovation-image-023.jpg	needs-review		896	273	no confident article match from filename; manual review required	manual review required
narwal-robot-vacuum-innovation-image-024.jpg	public/images/insights/narwal-robot-vacuum-innovation-image-024.jpg	needs-review		889	227	no confident article match from filename; manual review required	manual review required
narwal-robot-vacuum-innovation-image-025.jpg	public/images/insights/narwal-robot-vacuum-innovation-image-025.jpg	needs-review		894	223	no confident article match from filename; manual review required	manual review required
narwal-robot-vacuum-innovation-image-026.jpg	public/images/insights/narwal-robot-vacuum-innovation-image-026.jpg	needs-review		892	227	no confident article match from filename; manual review required	manual review required
narwal-robot-vacuum-innovation-image-027.jpg	public/images/insights/narwal-robot-vacuum-innovation-image-027.jpg	needs-review		892	143	no confident article match from filename; manual review required	manual review required
nilfisk-2018-annual-report-commercial-cleaning-image-001.jpg	public/images/insights/nilfisk-2018-annual-report-commercial-cleaning-image-001.jpg	keep	nilfisk-2018-annual-report-commercial-cleaning	1600	900	unused body image matching an existing article slug; likely extra source image or backup	retain in public/images/insights until article-level review
one-power-strategy-in-small-appliances-image-01.jpg	public/images/insights/one-power-strategy-in-small-appliances-image-01.jpg	keep	one-power-strategy-in-small-appliances	1672	941	unused body image matching an existing article slug; likely extra source image or backup	retain in public/images/insights until article-level review
pool-and-lawn-robots-self-maintenance-image-01.jpg	public/images/insights/pool-and-lawn-robots-self-maintenance-image-01.jpg	keep	pool-and-lawn-robots-self-maintenance	1600	900	unused body image matching an existing article slug; likely extra source image or backup	retain in public/images/insights until article-level review
pool-robotics-new-competitive-table-image-03.jpg	public/images/insights/pool-robotics-new-competitive-table-image-03.jpg	keep	pool-robotics-new-competitive-table	1600	900	unused body image matching an existing article slug; likely extra source image or backup	retain in public/images/insights until article-level review
resilient-uwant-cover.jpg	public/images/insights/resilient-uwant-cover.jpg	needs-review		1600	900	no confident article match from filename; manual review required	manual review required
resilient-uwant-image-01.jpg	public/images/insights/resilient-uwant-image-01.jpg	needs-review		1600	900	no confident article match from filename; manual review required	manual review required
rise-of-the-hard-floor-washer-cover.jpg	public/images/insights/rise-of-the-hard-floor-washer-cover.jpg	needs-review		1600	900	no confident article match from filename; manual review required	manual review required
rise-of-the-hard-floor-washer-image-01.jpg	public/images/insights/rise-of-the-hard-floor-washer-image-01.jpg	needs-review		1600	900	no confident article match from filename; manual review required	manual review required
roborock-2019-annual-report-breakout-year-image-001.jpg	public/images/insights/roborock-2019-annual-report-breakout-year-image-001.jpg	keep	roborock-2019-annual-report-breakout-year	613	369	unused body image matching an existing article slug; likely extra source image or backup	retain in public/images/insights until article-level review
roborock-at-a-crossroads-cover.jpg	public/images/insights/roborock-at-a-crossroads-cover.jpg	keep	roborock-at-a-crossroads	1600	900	unused cover matching an existing article slug; likely alternate or backup cover	retain in public/images/insights until article-level review
roborock-at-a-crossroads-image-001.jpg	public/images/insights/roborock-at-a-crossroads-image-001.jpg	keep	roborock-at-a-crossroads	1600	900	unused body image matching an existing article slug; likely extra source image or backup	retain in public/images/insights until article-level review
roborock-at-a-crossroads-image-002.jpg	public/images/insights/roborock-at-a-crossroads-image-002.jpg	keep	roborock-at-a-crossroads	1600	900	unused body image matching an existing article slug; likely extra source image or backup	retain in public/images/insights until article-level review
roborock-at-a-crossroads-image-003.jpg	public/images/insights/roborock-at-a-crossroads-image-003.jpg	keep	roborock-at-a-crossroads	1600	900	unused body image matching an existing article slug; likely extra source image or backup	retain in public/images/insights until article-level review
roborock-at-a-crossroads-image-004.jpg	public/images/insights/roborock-at-a-crossroads-image-004.jpg	keep	roborock-at-a-crossroads	1600	900	unused body image matching an existing article slug; likely extra source image or backup	retain in public/images/insights until article-level review
roborock-at-the-crossroads-image-001.jpg	public/images/insights/roborock-at-the-crossroads-image-001.jpg	migrate-candidate	roborock-at-a-crossroads	777	110	filename likely belongs to article slug roborock-at-a-crossroads; review whether to reconnect or rename	review against matched article and decide whether to reconnect, rename, or keep as backup
roborock-ipo-prospectus-signals-image-001.jpg	public/images/insights/roborock-ipo-prospectus-signals-image-001.jpg	keep	roborock-ipo-prospectus-signals	1600	900	unused body image matching an existing article slug; likely extra source image or backup	retain in public/images/insights until article-level review
roborock-road-to-100-billion-rmb-image-001.jpg	public/images/insights/roborock-road-to-100-billion-rmb-image-001.jpg	keep	roborock-road-to-100-billion-rmb	1019	539	unused body image matching an existing article slug; likely extra source image or backup	retain in public/images/insights until article-level review
robot-vacuum-ceiling-question-image-001.jpg	public/images/insights/robot-vacuum-ceiling-question-image-001.jpg	keep	robot-vacuum-ceiling-question	1170	2532	unused body image matching an existing article slug; likely extra source image or backup	retain in public/images/insights until article-level review
robot-vacuum-industry-at-crossroads-image-001.jpg	public/images/insights/robot-vacuum-industry-at-crossroads-image-001.jpg	keep	robot-vacuum-industry-at-crossroads	254	97	unused body image matching an existing article slug; likely extra source image or backup	retain in public/images/insights until article-level review
robot-vacuum-industry-faces-dji-wang-tao-image-001.jpg	public/images/insights/robot-vacuum-industry-faces-dji-wang-tao-image-001.jpg	keep	robot-vacuum-industry-faces-dji-wang-tao	1600	900	unused body image matching an existing article slug; likely extra source image or backup	retain in public/images/insights until article-level review
robot-vacuum-market-before-next-war-cover.jpg	public/images/insights/robot-vacuum-market-before-next-war-cover.jpg	needs-review		1600	900	no confident article match from filename; manual review required	manual review required
robot-vacuum-navigation-solution-companies-image-01.jpg	public/images/insights/robot-vacuum-navigation-solution-companies-image-01.jpg	keep	robot-vacuum-navigation-solution-companies	1672	941	unused body image matching an existing article slug; likely extra source image or backup	retain in public/images/insights until article-level review
robotic-mower-category-note-image-01.jpg	public/images/insights/robotic-mower-category-note-image-01.jpg	keep	robotic-mower-category-note	1672	941	unused body image matching an existing article slug; likely extra source image or backup	retain in public/images/insights until article-level review
robotic-mowers-2026-breakthrough-image-01.jpg	public/images/insights/robotic-mowers-2026-breakthrough-image-01.jpg	keep	robotic-mowers-2026-breakthrough	1672	941	unused body image matching an existing article slug; likely extra source image or backup	retain in public/images/insights until article-level review
robotic-mowers-retail-expansion-phase-image-01.jpg	public/images/insights/robotic-mowers-retail-expansion-phase-image-01.jpg	keep	robotic-mowers-retail-expansion-phase	1600	900	unused body image matching an existing article slug; likely extra source image or backup	retain in public/images/insights until article-level review
sharkninja-road-to-10-billion-dollars-image-01.jpg	public/images/insights/sharkninja-road-to-10-billion-dollars-image-01.jpg	keep	sharkninja-road-to-10-billion-dollars	1600	900	unused body image matching an existing article slug; likely extra source image or backup	retain in public/images/insights until article-level review
sharkninja-road-to-10-billion-dollars-image-02.jpg	public/images/insights/sharkninja-road-to-10-billion-dollars-image-02.jpg	keep	sharkninja-road-to-10-billion-dollars	1600	900	unused body image matching an existing article slug; likely extra source image or backup	retain in public/images/insights until article-level review
story-of-hard-floor-washers-image-01.jpg	public/images/insights/story-of-hard-floor-washers-image-01.jpg	keep	story-of-hard-floor-washers	1672	941	unused body image matching an existing article slug; likely extra source image or backup	retain in public/images/insights until article-level review
strongest-robot-vacuum-buying-guide-20221007-image-001.png	public/images/insights/strongest-robot-vacuum-buying-guide-20221007-image-001.png	migrate-candidate	best-robot-vacuum-buying-guide-2022	607	489	filename likely belongs to article slug best-robot-vacuum-buying-guide-2022; review whether to reconnect or rename	review against matched article and decide whether to reconnect, rename, or keep as backup
strongest-robot-vacuum-buying-guide-20221007-image-002.png	public/images/insights/strongest-robot-vacuum-buying-guide-20221007-image-002.png	migrate-candidate	best-robot-vacuum-buying-guide-2022	613	371	filename likely belongs to article slug best-robot-vacuum-buying-guide-2022; review whether to reconnect or rename	review against matched article and decide whether to reconnect, rename, or keep as backup
strongest-robot-vacuum-buying-guide-20221007-image-003.png	public/images/insights/strongest-robot-vacuum-buying-guide-20221007-image-003.png	migrate-candidate	best-robot-vacuum-buying-guide-2022	637	399	filename likely belongs to article slug best-robot-vacuum-buying-guide-2022; review whether to reconnect or rename	review against matched article and decide whether to reconnect, rename, or keep as backup
strongest-robot-vacuum-buying-guide-20221007-image-004.png	public/images/insights/strongest-robot-vacuum-buying-guide-20221007-image-004.png	migrate-candidate	best-robot-vacuum-buying-guide-2022	981	371	filename likely belongs to article slug best-robot-vacuum-buying-guide-2022; review whether to reconnect or rename	review against matched article and decide whether to reconnect, rename, or keep as backup
strongest-robot-vacuum-buying-guide-20221007-image-005.png	public/images/insights/strongest-robot-vacuum-buying-guide-20221007-image-005.png	migrate-candidate	best-robot-vacuum-buying-guide-2022	1006	443	filename likely belongs to article slug best-robot-vacuum-buying-guide-2022; review whether to reconnect or rename	review against matched article and decide whether to reconnect, rename, or keep as backup
strongest-robot-vacuum-buying-guide-20221007-image-006.png	public/images/insights/strongest-robot-vacuum-buying-guide-20221007-image-006.png	migrate-candidate	best-robot-vacuum-buying-guide-2022	606	344	filename likely belongs to article slug best-robot-vacuum-buying-guide-2022; review whether to reconnect or rename	review against matched article and decide whether to reconnect, rename, or keep as backup
strongest-robot-vacuum-buying-guide-20221007-image-007.png	public/images/insights/strongest-robot-vacuum-buying-guide-20221007-image-007.png	migrate-candidate	best-robot-vacuum-buying-guide-2022	327	334	filename likely belongs to article slug best-robot-vacuum-buying-guide-2022; review whether to reconnect or rename	review against matched article and decide whether to reconnect, rename, or keep as backup
strongest-robot-vacuum-buying-guide-20221007-image-008.png	public/images/insights/strongest-robot-vacuum-buying-guide-20221007-image-008.png	migrate-candidate	best-robot-vacuum-buying-guide-2022	634	367	filename likely belongs to article slug best-robot-vacuum-buying-guide-2022; review whether to reconnect or rename	review against matched article and decide whether to reconnect, rename, or keep as backup
strongest-robot-vacuum-buying-guide-20221007-image-009.png	public/images/insights/strongest-robot-vacuum-buying-guide-20221007-image-009.png	migrate-candidate	best-robot-vacuum-buying-guide-2022	653	510	filename likely belongs to article slug best-robot-vacuum-buying-guide-2022; review whether to reconnect or rename	review against matched article and decide whether to reconnect, rename, or keep as backup
strongest-robot-vacuum-buying-guide-20221007-image-010.png	public/images/insights/strongest-robot-vacuum-buying-guide-20221007-image-010.png	migrate-candidate	best-robot-vacuum-buying-guide-2022	613	364	filename likely belongs to article slug best-robot-vacuum-buying-guide-2022; review whether to reconnect or rename	review against matched article and decide whether to reconnect, rename, or keep as backup
thoughts-on-mijia-mite-removal-vacuum-image-001.png	public/images/insights/thoughts-on-mijia-mite-removal-vacuum-image-001.png	keep	thoughts-on-mijia-mite-removal-vacuum	1080	1920	unused body image matching an existing article slug; likely extra source image or backup	retain in public/images/insights until article-level review
tineco-lacks-innovation-image-001.jpg	public/images/insights/tineco-lacks-innovation-image-001.jpg	keep	tineco-lacks-innovation	766	378	unused body image matching an existing article slug; likely extra source image or backup	retain in public/images/insights until article-level review
top-ten-vacuum-exporters-in-2019-image-001.jpg	public/images/insights/top-ten-vacuum-exporters-in-2019-image-001.jpg	keep	top-ten-vacuum-exporters-in-2019	506	348	unused body image matching an existing article slug; likely extra source image or backup	retain in public/images/insights until article-level review
trade-war-scenario-analysis-image-01.jpg	public/images/insights/trade-war-scenario-analysis-image-01.jpg	keep	trade-war-scenario-analysis	1672	941	unused body image matching an existing article slug; likely extra source image or backup	retain in public/images/insights until article-level review
tti-2019-interim-report-image-001.jpg	public/images/insights/tti-2019-interim-report-image-001.jpg	keep	tti-2019-interim-report	688	544	unused body image matching an existing article slug; likely extra source image or backup	retain in public/images/insights until article-level review
tti-cleaning-appliance-strategy-image-01.jpg	public/images/insights/tti-cleaning-appliance-strategy-image-01.jpg	keep	tti-cleaning-appliance-strategy	1672	941	unused body image matching an existing article slug; likely extra source image or backup	retain in public/images/insights until article-level review
tti-product-direction-image-01.jpg	public/images/insights/tti-product-direction-image-01.jpg	keep	tti-product-direction	1672	941	unused body image matching an existing article slug; likely extra source image or backup	retain in public/images/insights until article-level review
two-sides-of-dyson-image-001.jpg	public/images/insights/two-sides-of-dyson-image-001.jpg	keep	two-sides-of-dyson	720	286	unused body image matching an existing article slug; likely extra source image or backup	retain in public/images/insights until article-level review
two-sides-of-dyson-image-005.jpg	public/images/insights/two-sides-of-dyson-image-005.jpg	keep	two-sides-of-dyson	468	208	unused body image matching an existing article slug; likely extra source image or backup	retain in public/images/insights until article-level review
two-sides-of-dyson-image-006.jpg	public/images/insights/two-sides-of-dyson-image-006.jpg	keep	two-sides-of-dyson	596	156	unused body image matching an existing article slug; likely extra source image or backup	retain in public/images/insights until article-level review
two-sides-of-dyson-image-007.jpg	public/images/insights/two-sides-of-dyson-image-007.jpg	keep	two-sides-of-dyson	596	156	unused body image matching an existing article slug; likely extra source image or backup	retain in public/images/insights until article-level review
uwant-resilience-in-china-cleaning-appliances-image-01.jpg	public/images/insights/uwant-resilience-in-china-cleaning-appliances-image-01.jpg	keep	uwant-resilience-in-china-cleaning-appliances	1600	900	unused body image matching an existing article slug; likely extra source image or backup	retain in public/images/insights until article-level review
uwant-resilience-in-china-cleaning-appliances-image-02.jpg	public/images/insights/uwant-resilience-in-china-cleaning-appliances-image-02.jpg	keep	uwant-resilience-in-china-cleaning-appliances	1600	900	unused body image matching an existing article slug; likely extra source image or backup	retain in public/images/insights until article-level review
vacuum-cleaner-buying-guide-2022-cover.jpg	public/images/insights/vacuum-cleaner-buying-guide-2022-cover.jpg	migrate-candidate	best-robot-vacuum-buying-guide-2022	1600	900	filename likely belongs to article slug best-robot-vacuum-buying-guide-2022; review whether to reconnect or rename	review against matched article and decide whether to reconnect, rename, or keep as backup
vacuum-cleaner-buying-guide-2022-image-001.jpg	public/images/insights/vacuum-cleaner-buying-guide-2022-image-001.jpg	migrate-candidate	best-robot-vacuum-buying-guide-2022	1600	900	filename likely belongs to article slug best-robot-vacuum-buying-guide-2022; review whether to reconnect or rename	review against matched article and decide whether to reconnect, rename, or keep as backup
vacuum-companies-at-2018-autumn-canton-fair-image-001.jpg	public/images/insights/vacuum-companies-at-2018-autumn-canton-fair-image-001.jpg	keep	vacuum-companies-at-2018-autumn-canton-fair	783	584	unused body image matching an existing article slug; likely extra source image or backup	retain in public/images/insights until article-level review
vacuum-industry-2018-review-2019-outlook-image-001.jpg	public/images/insights/vacuum-industry-2018-review-2019-outlook-image-001.jpg	keep	vacuum-industry-2018-review-2019-outlook	564	800	unused body image matching an existing article slug; likely extra source image or backup	retain in public/images/insights until article-level review
vietnam-development-and-industrial-hollowing-image-001.jpg	public/images/insights/vietnam-development-and-industrial-hollowing-image-001.jpg	keep	vietnam-development-and-industrial-hollowing	317	134	unused body image matching an existing article slug; likely extra source image or backup	retain in public/images/insights until article-level review
vs-industry-bissell-three-year-agreement-image-001.jpg	public/images/insights/vs-industry-bissell-three-year-agreement-image-001.jpg	keep	vs-industry-bissell-three-year-agreement	844	390	unused body image matching an existing article slug; likely extra source image or backup	retain in public/images/insights until article-level review
vs-industry-dyson-bissell-supplier-shift-image-001.jpg	public/images/insights/vs-industry-dyson-bissell-supplier-shift-image-001.jpg	keep	vs-industry-dyson-bissell-supplier-shift	728	472	unused body image matching an existing article slug; likely extra source image or backup	retain in public/images/insights until article-level review
what-sharkninja-makes-us-think-about-image-01.jpg	public/images/insights/what-sharkninja-makes-us-think-about-image-01.jpg	keep	what-sharkninja-makes-us-think-about	1672	941	unused body image matching an existing article slug; likely extra source image or backup	retain in public/images/insights until article-level review
when-chinese-brands-become-the-powers-image-01.jpg	public/images/insights/when-chinese-brands-become-the-powers-image-01.jpg	keep	when-chinese-brands-become-the-powers	1672	941	unused body image matching an existing article slug; likely extra source image or backup	retain in public/images/insights until article-level review
who-benefits-from-china-us-trade-war-in-vacuums-image-001.jpg	public/images/insights/who-benefits-from-china-us-trade-war-in-vacuums-image-001.jpg	keep	who-benefits-from-china-us-trade-war-in-vacuums	671	337	unused body image matching an existing article slug; likely extra source image or backup	retain in public/images/insights until article-level review
why-china-needs-a-cleaning-appliance-ifa-image-01.jpg	public/images/insights/why-china-needs-a-cleaning-appliance-ifa-image-01.jpg	keep	why-china-needs-a-cleaning-appliance-ifa	1600	900	unused body image matching an existing article slug; likely extra source image or backup	retain in public/images/insights until article-level review
why-china-needs-a-cleaning-appliance-ifa-image-02.jpg	public/images/insights/why-china-needs-a-cleaning-appliance-ifa-image-02.jpg	keep	why-china-needs-a-cleaning-appliance-ifa	1600	900	unused body image matching an existing article slug; likely extra source image or backup	retain in public/images/insights until article-level review
world-class-denny-or-world-class-bragging-image-01.jpg	public/images/insights/world-class-denny-or-world-class-bragging-image-01.jpg	keep	world-class-denny-or-world-class-bragging	1672	941	unused body image matching an existing article slug; likely extra source image or backup	retain in public/images/insights until article-level review
xiaomi-ecosystem-at-a-crossroads-cover.jpg	public/images/insights/xiaomi-ecosystem-at-a-crossroads-cover.jpg	keep	xiaomi-ecosystem-at-a-crossroads	1600	900	unused cover matching an existing article slug; likely alternate or backup cover	retain in public/images/insights until article-level review
xiaomi-ecosystem-at-a-crossroads-image-001.jpg	public/images/insights/xiaomi-ecosystem-at-a-crossroads-image-001.jpg	keep	xiaomi-ecosystem-at-a-crossroads	1600	900	unused body image matching an existing article slug; likely extra source image or backup	retain in public/images/insights until article-level review
xiaomi-ecosystem-at-the-crossroads-image-001.jpg	public/images/insights/xiaomi-ecosystem-at-the-crossroads-image-001.jpg	migrate-candidate	xiaomi-ecosystem-at-a-crossroads	640	853	filename likely belongs to article slug xiaomi-ecosystem-at-a-crossroads; review whether to reconnect or rename	review against matched article and decide whether to reconnect, rename, or keep as backup
yang-meng-shallow-sea-strategy-cover.jpg	public/images/insights/yang-meng-shallow-sea-strategy-cover.jpg	needs-review		1600	900	no confident article match from filename; manual review required	manual review required
yang-meng-shallow-sea-strategy-image-01.jpg	public/images/insights/yang-meng-shallow-sea-strategy-image-01.jpg	needs-review		1600	900	no confident article match from filename; manual review required	manual review required
